USE SkiJumping;
INSERT INTO SkiJumpers (FirstName, LastName, Country, Height, DateOfBirth)
VALUES
	('Adam', 'Małysz', 'Poland', 170, '1977-12-03'),
	('Martin', 'Schmitt', 'Germany', 182, '1978-01-29'),
	('Janne', 'Ahonen', 'Finland', 184, '1977-05-11'),
	('Sven', 'Hannawald', 'Germany', 184, '1974-11-09'),
	('Matti', 'Hautamäki', 'Finland', 177, '1981-07-14'),
	('Martin', 'Höllwarth', 'Austria', 182, '1974-04-13'),
	('Simon', 'Ammann', 'Switzerland', 172, '1981-06-25'),
	('Noriaki', 'Kasai', 'Japan', 177, '1972-06-06'),
	('Tommy', 'Ingebrigtsen', 'Norway', 179, '1977-08-08'),
	('Roar', 'Ljøkelsøy', 'Norway', 177, '1976-05-31'),
	('Tami', 'Kiuru', 'Finland', 182, '1976-09-13'),
	('Sigurd', 'Pettersen', 'Norway', 180, '1980-02-28'),
	('Rok', 'Benkovič', 'Slovenia', 181, '1986-03-20'),
	('Jakub', 'Janda', 'Czech Republic', 178, '1978-04-27'),
	('Lars', 'Bystøl', 'Norway', 179, '1978-12-04'),
	('Thomas', 'Morgenstern', 'Austria', 184, '1986-10-30'),
	('Andreas', 'Kofler', 'Austria', 180, '1984-05-17'),
	('Andreas', 'Widhölzl', 'Austria', 178, '1976-10-14'),
	('Harri', 'Olli', 'Finland', 172, '1985-01-15'),
	('Anders', 'Jacobsen', 'Norway', 173, '1985-02-17'),
	('Gregor', 'Schlierenzauer', 'Austria', 180, '1990-01-07'),
	('Martin', 'Koch', 'Austria', 186, '1982-01-22'),	
	('Wolfgang', 'Loitzl', 'Austria', 180, '1980-01-13'),
	('Andreas', 'Küttel', 'Switzerland', 182, '1979-04-25'),
	('Robert', 'Kranjec', 'Slovenia', 175, '1981-07-16'),
	('Rune', 'Velta', 'Norway', 178, '1989-07-19'),
	('Anders', 'Bardal', 'Norway', 184, '1982-08-24'),
	('Peter', 'Prevc', 'Slovenia', 177, '1992-09-20'),
	('Kamil', 'Stoch', 'Poland', 173, '1987-05-25'),
	('Andreas', 'Stjernen', 'Norway', 188, '1988-07-30'),
	('Stefan', 'Kraft', 'Austria', 166, '1993-05-13'),
	('Severin', 'Freund', 'Germany', 185, '1988-05-11'),
	('Andreas', 'Wellinger', 'Germany', 183, '1995-08-28'),
	('Johann André', 'Forfang', 'Norway', 176, '1995-07-04'),
	('Robert', 'Johansson', 'Norway', 182, '1990-03-23'),
	('Markus', 'Eisenbichler', 'Germany', 175, '1991-04-03'),
	('Richard', 'Freitag', 'Germany', 171, '1991-08-14'),
	('Daniel-André', 'Tande', 'Norway', 182, '1994-01-24'),
	('Piotr', 'Żyła', 'Poland', 176, '1987-01-16'),
	('Kenneth', 'Gangnes', 'Norway', 181, '1989-05-15');
INSERT INTO Events (Name, Seasons)
VALUES
	('World Championships Normal hill', '2000/2001'),
	('World Championships Large hill', '2000/2001'),
	('World Cup', '2000/2001'),
	('Ski Flying World Cup', '2000/2001'),
	('Four Hills Tournament', '2000/2001'),
	('Nordic Tournament', '2000/2001'),
	('Olympic Games Normal hill', '2001/2002'),
	('Olympic Games Large hill', '2001/2002'),
	('Ski Flying World Championships', '2001/2002'),
	('World Cup', '2001/2002'),
	('Four Hills Tournament', '2001/2002'),
	('Nordic Tournament', '2001/2002'),
	('World Championships Normal hill', '2002/2003'),
	('World Championships Large hill', '2002/2003'),
	('World Cup', '2002/2003'),
	('Four Hills Tournament', '2002/2003'),
	('Nordic Tournament', '2002/2003'),
	('Ski Flying World Championships', '2003/2004'),		
	('World Cup', '2003/2004'),
	('Four Hills Tournament', '2003/2004'),
	('Nordic Tournament', '2003/2004'),
	('World Championships Normal hill', '2004/2005'),
	('World Championships Large hill', '2004/2005'),
	('World Cup', '2004/2005'),	
	('Four Hills Tournament', '2004/2005'),	
	('Nordic Tournament', '2004/2005'),		
	('Olympic Games Normal hill', '2005/2006'),
	('Olympic Games Large hill', '2005/2006'),
	('Ski Flying World Championships', '2005/2006'),
	('World Cup', '2005/2006'),
	('Four Hills Tournament', '2005/2006'),	
	('Nordic Tournament', '2005/2006'),	
	('World Championships Normal hill', '2006/2007'),
	('World Championships Large hill', '2006/2007'),
	('World Cup', '2006/2007'),
	('Four Hills Tournament', '2006/2007'),
	('Nordic Tournament', '2006/2007'),	
	('Ski Flying World Championships', '2007/2008'),
	('World Cup', '2007/2008'),
	('Four Hills Tournament', '2007/2008'),
	('Nordic Tournament', '2007/2008'),
	('World Championships Normal hill', '2008/2009'),
	('World Championships Large hill', '2008/2009'),	
	('World Cup', '2008/2009'),
	('Ski Flying World Cup', '2008/2009'),
	('Four Hills Tournament', '2008/2009'),
	('Nordic Tournament', '2008/2009'),
	('Olympic Games Normal hill', '2009/2010'),
	('Olympic Games Large hill', '2009/2010'),	
	('Ski Flying World Championships', '2009/2010'),		
	('World Cup', '2009/2010'),
	('Ski Flying World Cup', '2009/2010'),
	('Four Hills Tournament', '2009/2010'),
	('Nordic Tournament', '2009/2010'),
	('World Championships Normal hill', '2010/2011'),
	('World Championships Large hill', '2010/2011'),	
	('World Cup', '2010/2011'),
	('Ski Flying World Cup', '2010/2011'),
	('Four Hills Tournament', '2010/2011'),
	('Ski Flying World Championships', '2011/2012'),		
	('World Cup', '2011/2012'),
	('Ski Flying World Cup', '2011/2012'),
	('Four Hills Tournament', '2011/2012'),
	('World Championships Normal hill', '2012/2013'),
	('World Championships Large hill', '2012/2013'),
	('World Cup', '2012/2013'),
	('Ski Flying World Cup', '2012/2013'),
	('Four Hills Tournament', '2012/2013'),	
	('Olympic Games Normal hill', '2013/2014'),
	('Olympic Games Large hill', '2013/2014'),
	('Ski Flying World Championships', '2013/2014'),	
	('World Cup', '2013/2014'),
	('Ski Flying World Cup', '2013/2014'),
	('Four Hills Tournament', '2013/2014'),
	('World Championships Normal hill', '2014/2015'),
	('World Championships Large hill', '2014/2015'),
	('World Cup', '2014/2015'),
	('Ski Flying World Cup', '2014/2015'),
	('Four Hills Tournament', '2014/2015'),	
	('Ski Flying World Championships', '2015/2016'),	
	('World Cup', '2015/2016'),
	('Ski Flying World Cup', '2015/2016'),
	('Four Hills Tournament', '2015/2016'),
	('World Championships Normal hill', '2016/2017'),
	('World Championships Large hill', '2016/2017'),
	('World Cup', '2016/2017'),
	('Ski Flying World Cup', '2016/2017'),
	('Four Hills Tournament', '2016/2017'),
	('Raw Air', '2016/2017'),	
	('Olympic Games Normal hill', '2017/2018'),
	('Olympic Games Large hill', '2017/2018'),
	('Ski Flying World Championships', '2017/2018'),
	('World Cup', '2017/2018'),	
	('Ski Flying World Cup', '2017/2018'),	
	('Four Hills Tournament', '2017/2018'),	
	('Raw Air', '2017/2018');
INSERT INTO HallOfGlory (OlympicGamesGold, OlympicGamesSilver, OlympicGamesBronze, WorldChampionshipsGold, WorldChampionshipsSilver, WorldChampionshipsBronze, SkiFlyingWorldChampionshipsGold, SkiFlyingWorldChampionshipsSilver, SkiFlyingWorldChampionshipsBronze, VictoriesWorldCup, PodiumsWorldCup, WorldCup, SkiFlyingWorldCup, FourHillsTournament, NordicTournament, RawAir)	
VALUES
	(0, 3, 1, 4, 1, 1, 0, 0, 0, 39, 92, 4, 0, 1, 3, 0),
	(0, 0, 0, 2, 2, 0, 0, 1, 0, 28, 52, 2, 2, 0, 0, 0),
	(0, 0, 0, 2, 0, 2, 0, 2, 2, 36, 108, 2, 0, 5, 0, 0),
	(0, 1, 0, 0, 1, 0, 2, 1, 0, 18, 40, 0, 3, 1, 1, 0),
	(0, 1, 1, 0, 1, 0, 0, 0, 1, 16, 38, 0, 0, 0, 2, 0),
	(0, 2, 0, 0, 0, 1, 0, 0, 0, 8, 29, 0, 0, 0, 0, 0),
	(4, 0, 0, 1, 1, 2, 1, 0, 0, 23, 80, 1, 0, 0, 1, 0),
	(0, 1, 0, 0, 0, 2, 1, 0, 0, 17, 63, 0, 0, 0, 1, 0),
	(0, 0, 0, 1, 1, 0, 0, 0, 0, 0, 5, 0, 0, 0, 0, 0),
	(0, 0, 1, 0, 1, 1, 2, 0, 0, 11, 32, 0, 1, 0, 1, 0),
	(0, 0, 0, 0, 0, 0, 0, 0, 1, 1, 3, 0, 0, 0, 0, 0),
	(0, 0, 0, 0, 0, 0, 0, 0, 0, 6, 11, 0, 0, 1, 0, 0),
	(0, 0, 0, 1, 0, 0, 0, 0, 0, 0, 0, 0, 0, 0, 0, 0),
	(0, 0, 0, 0, 1, 1, 0, 0, 0, 6, 20, 1, 0, 1, 0, 0),
	(1, 0, 1, 0, 1, 1, 1, 0, 0, 1, 4, 0, 0, 0, 0, 0),
	(1, 0, 0, 1, 1, 1, 0, 0, 1, 23, 76, 2, 0, 1, 1, 0),
	(0, 1, 0, 0, 1, 0, 0, 0, 0, 12, 36, 0, 0, 1, 0, 0),
	(0, 0, 1, 0, 0, 0, 0, 2, 0, 18, 49, 0, 1, 1, 1, 0),
	(0, 0, 0, 0, 1, 0, 0, 0, 0, 3, 7, 0, 0, 0, 0, 0),
	(0, 0, 0, 0, 0, 2, 0, 0, 1, 10, 28, 0, 0, 1, 0, 0),
	(0, 0, 2, 1, 3, 0, 1, 1, 0, 53, 88, 2, 3, 2, 2, 0),
	(0, 0, 0, 0, 0, 0, 0, 1, 1, 5, 23, 0, 0, 0, 0, 0),	
	(0, 0, 0, 1, 0, 0, 0, 0, 0, 4, 20, 0, 0, 1, 0, 0),
	(0, 0, 0, 1, 0, 0, 0, 0, 0, 5, 15, 0, 0, 0, 0, 0),
	(0, 0, 0, 0, 0, 0, 1, 0, 0, 7, 27, 0, 2, 0, 0, 0),
	(0, 0, 0, 1, 0, 1, 0, 1, 0, 0, 6, 0, 0, 0, 0, 0),
	(0, 0, 1, 1, 0, 0, 0, 1, 0, 7, 34, 1, 0, 0, 0, 0),
	(0, 1, 1, 0, 1, 1, 1, 0, 1, 22, 52, 1, 3, 0, 0, 0),
	(3, 0, 0, 1, 0, 0, 0, 1, 0, 31, 59, 2, 0, 2, 0, 1),
	(0, 0, 0, 0, 0, 0, 0, 0, 0, 1, 6, 0, 1, 0, 0, 0),
	(0, 0, 0, 2, 0, 1, 0, 0, 1, 12, 44, 1, 1, 1, 0, 1),
	(0, 0, 0, 1, 1, 0, 1, 0, 0, 22, 53, 1, 0, 0, 0, 0),
	(1, 1, 0, 0, 2, 0, 0, 0, 0, 3, 25, 0, 0, 0, 0, 0),	
	(0, 1, 0, 0, 0, 0, 0, 0, 0, 2, 13, 0, 0, 0, 0, 0),	
	(0, 0, 2, 0, 0, 0, 0, 0, 0, 1, 4, 0, 0, 0, 0, 0),	
	(0, 0, 0, 0, 0, 0, 1, 0, 0, 0, 4, 0, 0, 0, 0, 0),	
	(0, 0, 0, 0, 0, 0, 0, 0, 1, 8, 23, 0, 0, 0, 0, 0),	
	(0, 0, 0, 0, 0, 0, 1, 0, 0, 5, 18, 0, 0, 0, 0, 0),	
	(0, 0, 0, 0, 0, 1, 0, 0, 0, 1, 5, 0, 0, 0, 0, 0),	
	(0, 0, 0, 0, 0, 0, 0, 1, 0, 1, 8, 0, 0, 0, 0, 0);
INSERT INTO Results (IDEvents, Place, IDSkiJumpers)
VALUES
	(1, 1, 1),
	(1, 2, 2),
	(1, 3, 6),
	(2, 1, 2),
	(2, 2, 1),
	(2, 3, 3),
	(3, 1, 1),
	(4, 1, 2),
	(5, 1, 1),
	(6, 1, 1),
	(7, 1, 7),
	(7, 2, 4),
	(7, 3, 1),
	(8, 1, 7),
	(8, 2, 1),
	(8, 3, 5),
	(9, 1, 4),
	(9, 2, 2),
	(9, 3, 5),
	(10, 1, 1),
	(11, 1, 4),
	(12, 1, 5),
	(13, 1, 1),
	(13, 2, 9),
	(13, 3, 8),
	(14, 1, 1),
	(14, 2, 5),
	(14, 3, 8),
	(15, 1, 1),
	(16, 1, 3),
	(17, 1, 1),
	(18, 1, 10),
	(18, 2, 3),
	(18, 3, 11),
	(19, 1, 3),
	(20, 1, 12),
	(21, 1, 10),
	(22, 1, 13),
	(22, 2, 14),
	(22, 3, 3),
	(23, 1, 3),
	(23, 2, 10),
	(23, 3, 14),
	(24, 1, 3),
	(25, 1, 3),
	(26, 1, 5),
	(27, 1, 15),
	(27, 2, 5),
	(27, 3, 10),
	(28, 1, 16),
	(28, 2, 17),
	(28, 3, 15),
	(29, 1, 10),
	(29, 2, 18),
	(29, 3, 16),
	(30, 1, 14),
	(31, 1, 3),
	(31, 1, 14),
	(32, 1, 16),
	(33, 1, 1),
	(33, 2, 7),
	(33, 3, 16),
	(34, 1, 7),
	(34, 2, 19),
	(34, 3, 10),
	(35, 1, 1),
	(36, 1, 20),
	(37, 1, 1),
	(38, 1, 21),
	(38, 2, 22),
	(38, 3, 3),
	(39, 1, 16),
	(40, 1, 3),
	(41, 1,	21),
	(42, 1, 23),
	(42, 2, 21),
	(42, 3, 7),
	(43, 1, 24),
	(43, 2, 2),
	(43, 3, 20),
	(44, 1, 21),
	(45, 1, 21),
	(46, 1, 23),
	(47, 1, 21),
	(48, 1, 7),
	(48, 2, 1),
	(48, 3, 21),
	(49, 1, 7),
	(49, 2, 1),
	(49, 3, 21),
	(50, 1, 7),
	(50, 2, 21),
	(50, 3, 20),	
	(51, 1, 7),
	(52, 1, 25),
	(53, 1, 17),
	(54, 1, 7),	
	(55, 1, 16),	
	(55, 2, 17),	
	(55, 3, 1),	
	(56, 1, 21),	
	(56, 2, 16),	
	(56, 3, 7),	
	(57, 1, 16),	
	(58, 1, 21),
	(59, 1, 16),	
	(60, 1, 25),	
	(60, 2, 26),
	(60, 3, 22),
	(61, 1, 27),
	(62, 1, 25),	
	(63, 1, 21),	
	(64, 1, 27),
	(64, 2, 21),
	(64, 3, 28),
	(65, 1, 29),
	(65, 2, 28),
	(65, 3, 20),
	(66, 1, 21),
	(67, 1, 21),
	(68, 1, 21),
	(69, 1, 29),
	(69, 2, 28),
	(69, 3, 27),
	(70, 1, 29),
	(70, 2, 8),
	(70, 3, 28),
	(71, 1, 32),
	(71, 2, 27),
	(71, 3, 28),
	(72, 1, 29),
	(73, 1, 21),
	(74, 1, 28),
	(75, 1, 26),
	(75, 2, 32),
	(75, 3, 31),
	(76, 1, 32),
	(76, 2, 21),
	(76, 3, 26),
	(77, 1, 32),
	(78, 1, 28),
	(79, 1, 31),
	(80, 1, 28),
	(80, 2, 40),
	(80, 3, 31),
	(81, 1, 28),
	(82, 1, 28),
	(83, 1, 28),	
	(84, 1, 31),
	(84, 2, 33),
	(84, 3, 36),
	(85, 1, 31),
	(85, 2, 33),
	(85, 3, 39),
	(86, 1, 31),
	(87, 1, 31),
	(88, 1, 29),
	(89, 1, 31),
	(90, 1, 33),
	(90, 2, 34),
	(90, 3, 35),
	(91, 1, 29),
	(91, 2, 33),
	(91, 3, 35),
	(92, 1, 38),
	(92, 2, 29),
	(92, 3, 37),
	(93, 1, 29),
	(94, 1, 30),
	(95, 1, 29),
	(96, 1, 29);	
INSERT INTO Country (Country)
VALUES
	('Austria'),
	('Canada'),
	('Czech Republic'),
	('Finland'),
	('Germany'),
	('Italy'),
	('Japan'),
	('Kazakhstan'),
	('Norway'),
	('Poland'),
	('Russia'),
	('Slovenia'),
	('South Korea'),	
	('Switzerland'),
	('USA');
INSERT INTO SkiJumpHill (IDCountry, City, HS, KPoint, HillRecord)
VALUES
	(1, 'Bad Mitterndorf', 235, 200, 244),
	(1, 'Bischofshofen', 140, 125, 144.5),
	(1, 'Innsbruck', 130, 120, 138),
	(1, 'Villach', 98, 90, 99.5),
	(2, 'Calgary', 95, 89, 101.5),
	(2, 'Calgary', 122, 114, 125),
	(2, 'Whistler', 104, 95, 108),
	(2, 'Whistler', 140, 125, 149),
	(3, 'Harrachov', 205, 185, 214.5),
	(3, 'Harrachov', 140, 125, 144.5),
	(3, 'Liberec', 134, 120, 139),
	(3, 'Liberec', 100, 90, 104.5),
	(4, 'Kuopio', 100, 92, 106),
	(4, 'Kuopio', 127, 120, 136),
	(4, 'Lahti', 130, 116, 138),
	(4, 'Lahti', 100, 90, 103.5),
	(4, 'Ruka', 142, 120, 147.5),
	(5, 'Garmisch-Partenkirchen', 140, 125, 143.5),
	(5, 'Klingenthal', 140, 125, 146.5),
	(5, 'Oberstdorf', 106, 95, 101),
	(5, 'Oberstdorf', 137, 120, 143.5),
	(5, 'Oberstdorf', 235, 200, 238.5),
	(5, 'Titisee-Neustadt', 142, 125, 148),
	(5, 'Willingen', 145, 130, 152),
	(6, 'Pragelato', 140, 125, 144),
	(6, 'Pragelato', 106, 95, 104.5),
	(6, 'Predazzo', 135, 120, 136),
	(6, 'Predazzo', 104, 95, 107.5),
	(7, 'Hakuba', 131, 120, 137),
	(7, 'Hakuba', 98, 90, 91.5),
	(7, 'Sapporo', 137, 123, 144),
	(7, 'Sapporo', 100, 90, 102),
	(8, 'Ałmaty', 140, 125, 141.5),
	(8, 'Ałmaty', 106, 95, 103.5),
	(9, 'Lillehammer', 140, 123, 146),
	(9, 'Lillehammer', 98, 90, 107.5),
	(9, 'Oslo', 106, 95, 108),
	(9, 'Oslo', 134, 120, 141),
	(9, 'Trondheim', 105, 90, 105),
	(9, 'Trondheim', 140, 124, 146),
	(9, 'Vikersund', 240, 200, 253.5),
	(10, 'Karpacz', 94, 85, 94.5),
	(10, 'Szczyrk', 106, 95, 116),
	(10, 'Wisła', 134, 120, 139),
	(10, 'Zakopane', 94, 85, 94),
	(10, 'Zakopane', 140, 125, 141.5),
	(11, 'Czajkowski', 102, 95, 108),
	(11, 'Czajkowski', 140, 125, 147),
	(11, 'Niżny Tagił', 134, 120, 141.5),
	(11, 'Niżny Tagił', 97, 90, 102.5),
	(11, 'Soczi', 140, 125, 140),
	(11, 'Soczi', 106, 95, 108),
	(12, 'Kranj', 109, 100, 119),
	(12, 'Planica', 139, 125, 142),
	(12, 'Planica', 104, 95, 106),
	(12, 'Planica', 240, 200, 251.5),
	(13, 'Pjongczang', 109, 98, 113.5),
	(13, 'Pjongczang', 142, 125, 143.5),
	(14, 'Einsiedeln', 117, 105, 122),
	(14, 'Engelberg', 140, 125, 144),
	(15, 'Ironwood', 158, 145, 154),
	(15, 'Iron Mountain', 133, 120, 140),
	(15, 'Park City', 134, 120, 133.5),
	(15, 'Park City', 100, 90, 99);